Arts & Entertainment,-1.997691343339219
College & University,-1.9976913433392172
Event,0.0
Food,-37.47133174294526
Nightlife Spot,-2.773876127029953
Outdoors & Recreation,-18.841036083944466
Professional & Other Places,-53.87536397898599
Residence,-27.469343473048266
Shop & Service,-55.62853005129798
Travel & Transport,-11.223552274319898
